datetime,open,high,low,close,volume
2025-01-16 06:00:00,3.0751,3.0764,3.05,3.0539,11523231.0
2025-01-16 07:00:00,3.0538,3.1222,3.0461,3.1222,22525031.0
2025-01-16 08:00:00,3.1222,3.15,3.089,3.091,30017029.0
2025-01-16 09:00:00,3.0908,3.1139,3.0452,3.0777,30849649.0
2025-01-16 10:00:00,3.0778,3.087,3.0281,3.0742,33508545.0
2025-01-16 11:00:00,3.0743,3.1112,3.07,3.1109,21656516.0
2025-01-16 12:00:00,3.1109,3.21,3.0877,3.1967,109555891.66
2025-01-16 13:00:00,3.1968,3.3478,3.1614,3.3386,96564124.96
2025-01-16 14:00:00,3.3385,3.3884,3.2563,3.2965,96583560.74
2025-01-16 15:00:00,3.2966,3.365,3.1869,3.2189,107240761.0
2025-01-16 16:00:00,3.2189,3.33,3.2149,3.3076,56877891.0
2025-01-16 17:00:00,3.3076,3.4,3.3043,3.3805,54792711.84
2025-01-16 18:00:00,3.3804,3.3873,3.32,3.3513,40017564.0
2025-01-16 19:00:00,3.3514,3.3697,3.3194,3.3506,23457367.0
2025-01-16 20:00:00,3.3506,3.3914,3.3235,3.3495,23002711.0
2025-01-16 21:00:00,3.3494,3.3503,3.2563,3.2921,46834252.0
2025-01-16 22:00:00,3.292,3.3068,3.2432,3.2921,23458613.0
2025-01-16 23:00:00,3.2921,3.2989,3.2004,3.225,26276397.0
2025-01-17 00:00:00,3.2251,3.2579,3.1649,3.2451,30048005.0
2025-01-17 01:00:00,3.245,3.2924,3.2437,3.2747,25213271.0
2025-01-17 02:00:00,3.2746,3.2941,3.2555,3.2807,15571911.0
2025-01-17 03:00:00,3.2807,3.3499,3.2788,3.3456,21121166.0
2025-01-17 04:00:00,3.3455,3.3483,3.2957,3.3078,18093523.0
2025-01-17 05:00:00,3.3077,3.3192,3.2841,3.3087,11837718.0
2025-01-17 06:00:00,3.3088,3.3544,3.3,3.3245,22318091.0
2025-01-17 07:00:00,3.3245,3.3433,3.3085,3.3418,15807532.0
2025-01-17 08:00:00,3.3418,3.345,3.293,3.3025,20253804.0
2025-01-17 09:00:00,3.3026,3.32,3.2318,3.2662,42056646.0
2025-01-17 10:00:00,3.2663,3.2826,3.2275,3.2761,25481930.0
2025-01-17 11:00:00,3.2761,3.3022,3.2713,3.2931,19717749.0
2025-01-17 12:00:00,3.2932,3.328,3.2872,3.2989,18871302.0
2025-01-17 13:00:00,3.2989,3.2989,3.2351,3.2389,37765432.0
2025-01-17 14:00:00,3.239,3.2612,3.2108,3.239,23868443.0
2025-01-17 15:00:00,3.2391,3.2695,3.2219,3.2549,24287893.0
2025-01-17 16:00:00,3.2549,3.265,3.1762,3.1995,35696193.0
2025-01-17 17:00:00,3.1996,3.261,3.198,3.2423,23469412.0
2025-01-17 18:00:00,3.2423,3.2547,3.1758,3.1879,25892053.0
2025-01-17 19:00:00,3.1878,3.2149,3.177,3.2042,12814015.0
2025-01-17 20:00:00,3.2042,3.2491,3.2041,3.2346,15416979.0
2025-01-17 21:00:00,3.2346,3.29,3.227,3.2664,24389569.0
2025-01-17 22:00:00,3.2663,3.2954,3.2613,3.2788,20803143.0
2025-01-17 23:00:00,3.2787,3.2889,3.2638,3.2689,10325656.0
2025-01-18 00:00:00,3.2689,3.318,3.2523,3.2922,18860063.0
2025-01-18 01:00:00,3.2923,3.2996,3.2426,3.2511,26185627.0
2025-01-18 02:00:00,3.2511,3.2527,3.2196,3.2477,14067040.0
2025-01-18 03:00:00,3.2477,3.2875,3.2477,3.2714,13800177.0
2025-01-18 04:00:00,3.2714,3.2798,3.1985,3.2398,26649439.0
2025-01-18 05:00:00,3.2398,3.2475,3.1863,3.2038,14845010.0
2025-01-18 06:00:00,3.2039,3.2183,3.0701,3.0942,52504277.0
2025-01-18 07:00:00,3.0942,3.1608,3.0932,3.1485,26328769.0
2025-01-18 08:00:00,3.1485,3.158,3.0956,3.1166,14938514.0
2025-01-18 09:00:00,3.1165,3.14,3.0646,3.1348,25189724.0
2025-01-18 10:00:00,3.1349,3.1445,3.0972,3.1271,12947574.0
2025-01-18 11:00:00,3.1272,3.136,3.058,3.1046,22559399.0
2025-01-18 12:00:00,3.1047,3.1843,3.1,3.1729,21921217.0
2025-01-18 13:00:00,3.1729,3.1834,3.154,3.1685,13844661.0
2025-01-18 14:00:00,3.1684,3.2499,3.1597,3.2417,26487660.0
2025-01-18 15:00:00,3.2417,3.242,3.1949,3.2,18844549.0
2025-01-18 16:00:00,3.2,3.2212,3.1742,3.177,17548474.0
2025-01-18 17:00:00,3.1771,3.1865,3.1324,3.1433,22167124.0
2025-01-18 18:00:00,3.1433,3.1896,3.1418,3.1556,11785123.0
2025-01-18 19:00:00,3.1557,3.207,3.149,3.1806,11852652.0
2025-01-18 20:00:00,3.1805,3.2186,3.1713,3.212,10038248.0
2025-01-18 21:00:00,3.212,3.2162,3.1713,3.2059,9356169.0
2025-01-18 22:00:00,3.206,3.2333,3.1973,3.1987,9832625.0
2025-01-18 23:00:00,3.1988,3.234,3.197,3.2201,8665506.0
2025-01-19 00:00:00,3.2201,3.29,3.2076,3.2697,25729386.0
2025-01-19 01:00:00,3.2697,3.2753,3.2238,3.2683,16637779.0
2025-01-19 02:00:00,3.2684,3.2929,3.2435,3.2799,16227779.0
2025-01-19 03:00:00,3.28,3.2882,3.2502,3.2564,11891639.0
2025-01-19 04:00:00,3.2565,3.265,3.2305,3.251,7789179.0
2025-01-19 05:00:00,3.2509,3.2531,3.1806,3.1836,14649089.0
2025-01-19 06:00:00,3.1835,3.2091,3.1719,3.2039,12759899.0
2025-01-19 07:00:00,3.2039,3.2245,3.199,3.2027,11405785.0
2025-01-19 08:00:00,3.2027,3.2085,3.1718,3.1817,15521094.0
2025-01-19 09:00:00,3.1818,3.1818,3.108,3.1282,34103305.0
2025-01-19 10:00:00,3.1283,3.1448,3.05,3.1362,71055555.0
2025-01-19 11:00:00,3.1361,3.1393,3.1042,3.1166,24480960.0
2025-01-19 12:00:00,3.1167,3.1225,3.0351,3.054,38529634.0
2025-01-19 13:00:00,3.0541,3.1136,3.0535,3.1094,20507056.0
2025-01-19 14:00:00,3.1094,3.135,3.0967,3.135,16869274.0
2025-01-19 15:00:00,3.135,3.1565,3.1144,3.1405,26614501.0
2025-01-19 16:00:00,3.1406,3.1596,3.1097,3.1479,21807911.0
2025-01-19 17:00:00,3.1478,3.1786,3.1217,3.147,22569170.0
2025-01-19 18:00:00,3.1469,3.1671,3.1271,3.1592,12902992.0
2025-01-19 19:00:00,3.1591,3.1729,3.145,3.1683,13685465.0
2025-01-19 20:00:00,3.1683,3.2268,3.16,3.2242,17056812.0
2025-01-19 21:00:00,3.2242,3.2379,3.1787,3.1842,20860831.0
2025-01-19 22:00:00,3.1842,3.1874,3.0637,3.0646,41831968.0
2025-01-19 23:00:00,3.0646,3.1353,2.9106,3.0509,69247320.0
2025-01-20 00:00:00,3.0508,3.0508,2.8277,2.9587,104323808.0
2025-01-20 01:00:00,2.9586,3.0163,2.909,2.9299,69654229.0
2025-01-20 02:00:00,2.93,3.0371,2.9286,2.9862,34622193.0
2025-01-20 03:00:00,2.9863,3.1202,2.9832,3.0868,41952188.0
2025-01-20 04:00:00,3.0868,3.1334,3.0696,3.1133,20566040.0
2025-01-20 05:00:00,3.1133,3.1455,3.0745,3.1022,17357117.0
2025-01-20 06:00:00,3.1021,3.1272,3.0778,3.1067,15464522.0
2025-01-20 07:00:00,3.1068,3.2233,3.0877,3.1734,30578471.0
2025-01-20 08:00:00,3.1733,3.256,3.1694,3.201,46323835.0
2025-01-20 09:00:00,3.2011,3.2985,3.1984,3.2667,33006955.0
2025-01-20 10:00:00,3.2668,3.292,3.2298,3.2551,28850356.0
2025-01-20 11:00:00,3.255,3.3448,3.2421,3.3197,34749437.0
2025-01-20 12:00:00,3.3196,3.3308,3.2781,3.3263,24113000.0
2025-01-20 13:00:00,3.3262,3.353,3.2076,3.2495,54928268.0
2025-01-20 14:00:00,3.2496,3.3056,3.241,3.2939,23361493.0
2025-01-20 15:00:00,3.294,3.3555,3.263,3.3538,31895912.0
2025-01-20 16:00:00,3.3538,3.3695,3.2599,3.2719,45442658.0
2025-01-20 17:00:00,3.2719,3.3216,3.2252,3.3123,34630014.0
2025-01-20 18:00:00,3.3123,3.3155,3.0,3.1351,123889918.0
2025-01-20 19:00:00,3.1352,3.2045,3.1202,3.1899,29875880.0
2025-01-20 20:00:00,3.1899,3.1955,3.1307,3.1519,20142549.0
2025-01-20 21:00:00,3.1519,3.1664,3.0915,3.1548,18775292.0
2025-01-20 22:00:00,3.1547,3.1792,3.0641,3.0762,16108485.0
2025-01-20 23:00:00,3.0761,3.1599,3.0269,3.1445,26261571.0
2025-01-21 00:00:00,3.1445,3.153,3.0828,3.1053,16210875.0
2025-01-21 01:00:00,3.1053,3.161,3.0738,3.1338,23867312.0
2025-01-21 02:00:00,3.1339,3.193,3.084,3.0936,25896002.0
2025-01-21 03:00:00,3.0936,3.1353,3.0636,3.1231,20832143.0
2025-01-21 04:00:00,3.1231,3.14,3.09,3.1035,11806491.0
2025-01-21 05:00:00,3.1035,3.1035,3.0419,3.0873,20487544.0
2025-01-21 06:00:00,3.0873,3.103,3.0257,3.0382,14980891.0
2025-01-21 07:00:00,3.0382,3.0836,3.0124,3.0504,20771579.0
2025-01-21 08:00:00,3.0504,3.0944,3.0368,3.0695,12729818.0
2025-01-21 09:00:00,3.0695,3.0954,3.0448,3.0786,13041212.0
2025-01-21 10:00:00,3.0785,3.1136,3.0622,3.0972,12857960.0
2025-01-21 11:00:00,3.0973,3.1164,3.0817,3.1069,10915572.0
2025-01-21 12:00:00,3.1068,3.123,3.0822,3.1112,17134052.0
2025-01-21 13:00:00,3.1112,3.1539,3.1034,3.1302,17929510.0
2025-01-21 14:00:00,3.1301,3.15,3.1135,3.1359,11111552.0
2025-01-21 15:00:00,3.1359,3.1499,3.0906,3.1026,17392009.0
2025-01-21 16:00:00,3.1026,3.1335,3.0784,3.1217,11411709.0
2025-01-21 17:00:00,3.1216,3.1899,3.1181,3.1744,30213619.0
2025-01-21 18:00:00,3.1744,3.2312,3.1681,3.2249,15832446.0
2025-01-21 19:00:00,3.2249,3.246,3.1994,3.2096,18615623.0
2025-01-21 20:00:00,3.2095,3.2106,3.1765,3.2008,12014586.0
2025-01-21 21:00:00,3.2008,3.2029,3.1779,3.198,8520295.0
2025-01-21 22:00:00,3.1983,3.2009,3.1713,3.1837,10413215.0
2025-01-21 23:00:00,3.1837,3.188,3.1622,3.1706,7347230.0
2025-01-22 00:00:00,3.1705,3.1739,3.1399,3.1738,10301132.0
2025-01-22 01:00:00,3.1739,3.2,3.1643,3.1959,11706992.0
2025-01-22 02:00:00,3.1958,3.2076,3.1813,3.1931,7969019.0
2025-01-22 03:00:00,3.1931,3.1966,3.1735,3.1903,5003348.0
2025-01-22 04:00:00,3.1903,3.191,3.1672,3.1768,4275154.0
2025-01-22 05:00:00,3.1768,3.1809,3.1489,3.1646,10254078.0
2025-01-22 06:00:00,3.1647,3.1797,3.16,3.1606,5464669.0
2025-01-22 07:00:00,3.1605,3.1899,3.1565,3.1669,8469172.0
2025-01-22 08:00:00,3.1669,3.1777,3.1524,3.171,7616370.0
2025-01-22 09:00:00,3.171,3.1737,3.1414,3.171,8358579.0
2025-01-22 10:00:00,3.171,3.1753,3.1594,3.1694,4744745.0
2025-01-22 11:00:00,3.1695,3.1698,3.1496,3.1654,7246262.0
2025-01-22 12:00:00,3.1654,3.2348,3.1616,3.2348,15203830.0
2025-01-22 13:00:00,3.2348,3.2606,3.224,3.2263,20112289.0
2025-01-22 14:00:00,3.2262,3.2282,3.1656,3.1796,16124837.0
2025-01-22 15:00:00,3.1796,3.2003,3.1577,3.1759,12211341.0
2025-01-22 16:00:00,3.1759,3.1948,3.1528,3.1627,10352357.0
2025-01-22 17:00:00,3.1628,3.17,3.142,3.1661,8305949.0
2025-01-22 18:00:00,3.1661,3.1931,3.1621,3.1881,6192320.0
2025-01-22 19:00:00,3.1881,3.1936,3.1237,3.142,7677181.0
2025-01-22 20:00:00,3.142,3.2661,3.142,3.2242,40124721.0
2025-01-22 21:00:00,3.2242,3.2854,3.209,3.2189,36213733.0
2025-01-22 22:00:00,3.2189,3.2252,3.1658,3.17,18534529.0
2025-01-22 23:00:00,3.17,3.1958,3.1537,3.1656,12448742.0
2025-01-23 00:00:00,3.1656,3.1805,3.1514,3.1803,7151057.0
2025-01-23 01:00:00,3.1802,3.1826,3.1606,3.1641,5681257.0
2025-01-23 02:00:00,3.1641,3.175,3.1428,3.1525,8552478.0
2025-01-23 03:00:00,3.1525,3.1555,3.1157,3.1475,15615354.0
2025-01-23 04:00:00,3.1476,3.1697,3.1394,3.1521,10619515.0
2025-01-23 05:00:00,3.1521,3.1554,3.1066,3.1141,11459969.0
2025-01-23 06:00:00,3.114,3.1431,3.114,3.1399,7069821.0
2025-01-23 07:00:00,3.1399,3.1481,3.1201,3.1226,7080426.0
2025-01-23 08:00:00,3.1226,3.1326,3.1,3.1299,14004211.0
2025-01-23 09:00:00,3.1298,3.132,3.0928,3.1016,12142726.0
2025-01-23 10:00:00,3.1017,3.1196,3.0828,3.0927,10053809.0
2025-01-23 11:00:00,3.0927,3.106,3.0765,3.0886,7723342.0
2025-01-23 12:00:00,3.0886,3.0944,3.0623,3.0852,7526389.0
2025-01-23 13:00:00,3.0852,3.0856,3.05,3.0538,11573316.0
2025-01-23 14:00:00,3.0539,3.1025,3.0374,3.0856,20845919.0
2025-01-23 15:00:00,3.0855,3.1644,3.0773,3.1532,25067911.0
2025-01-23 16:00:00,3.1533,3.1609,3.0898,3.1352,26440101.0
2025-01-23 17:00:00,3.1351,3.1868,3.1191,3.1237,18635209.0
2025-01-23 18:00:00,3.1236,3.1322,3.0923,3.1257,9865473.0
2025-01-23 19:00:00,3.1258,3.1288,3.0922,3.0933,5605925.0
2025-01-23 20:00:00,3.0933,3.0959,3.06,3.0801,10480513.0
2025-01-23 21:00:00,3.0801,3.175,3.0725,3.0991,31702905.0
2025-01-23 22:00:00,3.0991,3.1037,3.058,3.0787,10166418.0
2025-01-23 23:00:00,3.0788,3.1287,3.0718,3.12,7651130.0
2025-01-24 00:00:00,3.1201,3.1456,3.111,3.1194,9750729.0
2025-01-24 01:00:00,3.1194,3.1225,3.077,3.0799,8942011.0
2025-01-24 02:00:00,3.0799,3.1035,3.0673,3.0752,5795953.0
2025-01-24 03:00:00,3.0751,3.083,3.055,3.0552,6463000.0
2025-01-24 04:00:00,3.0552,3.1333,3.055,3.1217,19435264.0
2025-01-24 05:00:00,3.1218,3.164,3.1125,3.1609,12455347.0
2025-01-24 06:00:00,3.1608,3.1746,3.1456,3.1727,13940227.0
2025-01-24 07:00:00,3.1727,3.176,3.1492,3.1502,10407240.0
2025-01-24 08:00:00,3.1502,3.1698,3.142,3.1659,8256036.0
2025-01-24 09:00:00,3.1658,3.1816,3.1618,3.1798,8672781.0
2025-01-24 10:00:00,3.1797,3.1949,3.171,3.1815,10248990.0
2025-01-24 11:00:00,3.1815,3.201,3.1678,3.1955,11958160.0
2025-01-24 12:00:00,3.1955,3.2007,3.1821,3.1975,6176503.0
2025-01-24 13:00:00,3.1975,3.2031,3.176,3.1926,9798931.0
2025-01-24 14:00:00,3.1927,3.1939,3.1666,3.18,8488044.0
2025-01-24 15:00:00,3.1799,3.1934,3.166,3.1817,8678523.0
2025-01-24 16:00:00,3.1817,3.1879,3.13,3.1651,13784015.0
2025-01-24 17:00:00,3.1651,3.1704,3.1482,3.1515,6537706.0
2025-01-24 18:00:00,3.1516,3.1632,3.134,3.1505,11919384.0
2025-01-24 19:00:00,3.1504,3.1648,3.1456,3.1473,6237083.0
2025-01-24 20:00:00,3.1472,3.155,3.133,3.142,7871311.0
2025-01-24 21:00:00,3.1419,3.1437,3.1007,3.1052,11657810.0
2025-01-24 22:00:00,3.1052,3.1281,3.1015,3.1087,9699989.0
2025-01-24 23:00:00,3.1087,3.115,3.0932,3.0949,8104071.0
2025-01-25 00:00:00,3.0949,3.1063,3.0828,3.1009,7098585.0
2025-01-25 01:00:00,3.1008,3.1216,3.0967,3.0989,6948748.0
2025-01-25 02:00:00,3.0988,3.1318,3.0965,3.1207,6565029.0
2025-01-25 03:00:00,3.1207,3.1248,3.1097,3.1186,2735469.0
2025-01-25 04:00:00,3.1186,3.134,3.113,3.1335,3400132.0
2025-01-25 05:00:00,3.1336,3.136,3.1144,3.1168,2158070.0
2025-01-25 06:00:00,3.1167,3.1176,3.0949,3.1082,3916591.0
2025-01-25 07:00:00,3.1082,3.1083,3.0937,3.1024,3239548.0
2025-01-25 08:00:00,3.1024,3.1087,3.0959,3.1086,2581884.0
2025-01-25 09:00:00,3.1087,3.1117,3.0949,3.1018,2854626.0
2025-01-25 10:00:00,3.1018,3.1067,3.0955,3.0995,2609366.0
2025-01-25 11:00:00,3.0995,3.1022,3.0784,3.1003,6494907.0
2025-01-25 12:00:00,3.1003,3.1167,3.098,3.1145,4120135.0
2025-01-25 13:00:00,3.1145,3.1212,3.1063,3.1211,3457893.0
2025-01-25 14:00:00,3.1211,3.1279,3.1106,3.1143,3870142.0
2025-01-25 15:00:00,3.1143,3.12,3.1031,3.1128,4111450.0
2025-01-25 16:00:00,3.1127,3.1434,3.1115,3.1413,8583562.0
2025-01-25 17:00:00,3.1413,3.1446,3.1187,3.1281,4871626.0
2025-01-25 18:00:00,3.128,3.1293,3.1113,3.1193,4424847.0
2025-01-25 19:00:00,3.1193,3.1282,3.1125,3.1247,3282268.0
2025-01-25 20:00:00,3.1247,3.134,3.1187,3.1253,2951251.0
2025-01-25 21:00:00,3.1253,3.1328,3.1196,3.1203,2489178.0
2025-01-25 22:00:00,3.1203,3.1391,3.1185,3.1365,5058904.0
2025-01-25 23:00:00,3.1364,3.1431,3.1216,3.1236,4567626.0
2025-01-26 00:00:00,3.1236,3.1284,3.1038,3.108,4196605.0
2025-01-26 01:00:00,3.1079,3.1261,3.105,3.1208,4426212.0
2025-01-26 02:00:00,3.1207,3.1304,3.1166,3.1293,3094155.0
2025-01-26 03:00:00,3.1293,3.1293,3.1105,3.1187,2494223.0
2025-01-26 04:00:00,3.1187,3.1434,3.1183,3.135,4733389.0
2025-01-26 05:00:00,3.135,3.1443,3.1318,3.1321,6501305.0
2025-01-26 06:00:00,3.1322,3.135,3.1218,3.1304,3135175.0
2025-01-26 07:00:00,3.1304,3.136,3.1261,3.1322,4950701.0
2025-01-26 08:00:00,3.1322,3.1426,3.1315,3.142,5942052.0
2025-01-26 09:00:00,3.142,3.1442,3.1301,3.1347,3268860.0
2025-01-26 10:00:00,3.1346,3.1355,3.1103,3.115,5125265.0
2025-01-26 11:00:00,3.115,3.1247,3.1119,3.1247,3232740.0
2025-01-26 12:00:00,3.1247,3.1357,3.1228,3.1303,3742730.0
2025-01-26 13:00:00,3.1303,3.1304,3.1155,3.1257,4214721.0
2025-01-26 14:00:00,3.1257,3.1266,3.116,3.1205,4147541.0
2025-01-26 15:00:00,3.1204,3.1204,3.1121,3.1168,3116063.0
2025-01-26 16:00:00,3.1168,3.1217,3.1137,3.1153,2634817.0
2025-01-26 17:00:00,3.1152,3.122,3.107,3.1181,5379389.0
2025-01-26 18:00:00,3.1182,3.1225,3.1111,3.12,2227124.0
2025-01-26 19:00:00,3.12,3.1322,3.1155,3.1322,3028113.0
2025-01-26 20:00:00,3.1322,3.1375,3.1258,3.131,2271171.0
2025-01-26 21:00:00,3.131,3.1321,3.1232,3.1258,2240642.0
2025-01-26 22:00:00,3.1259,3.1267,3.0971,3.0975,8298187.0
2025-01-26 23:00:00,3.0975,3.0987,3.07,3.0813,14042913.0
2025-01-27 00:00:00,3.0813,3.0813,3.0115,3.0223,26690325.0
2025-01-27 01:00:00,3.0222,3.0394,2.9701,2.9893,28076130.0
2025-01-27 02:00:00,2.9894,3.0133,2.9583,2.9807,15061096.0
2025-01-27 03:00:00,2.9806,2.987,2.9423,2.9775,19817361.0
2025-01-27 04:00:00,2.9776,3.02,2.9704,3.0047,13149970.0
2025-01-27 05:00:00,3.0047,3.0047,2.9573,2.9618,9509226.0
2025-01-27 06:00:00,2.9617,2.9663,2.9035,2.9355,26732731.0
2025-01-27 07:00:00,2.9355,2.9477,2.8376,2.8565,41800345.0
2025-01-27 08:00:00,2.8564,2.8732,2.6559,2.8103,129974803.0
2025-01-27 09:00:00,2.8104,2.8132,2.6989,2.7928,52529992.0
2025-01-27 10:00:00,2.7929,2.8329,2.7748,2.828,25911202.0
2025-01-27 11:00:00,2.8279,2.8289,2.7487,2.762,19941998.0
2025-01-27 12:00:00,2.762,2.824,2.7615,2.7886,19370309.0
2025-01-27 13:00:00,2.7886,2.8823,2.77,2.8779,31170386.0
2025-01-27 14:00:00,2.8779,2.923,2.8589,2.8686,39512832.0
2025-01-27 15:00:00,2.8686,2.9647,2.8562,2.9528,31917484.0
2025-01-27 16:00:00,2.9527,3.0005,2.9364,2.9566,33753239.0
2025-01-27 17:00:00,2.9566,3.0261,2.9136,2.9248,26025813.0
2025-01-27 18:00:00,2.9247,2.9452,2.8892,2.9135,18926639.0
2025-01-27 19:00:00,2.9136,2.9349,2.8772,2.891,12574351.0
2025-01-27 20:00:00,2.891,2.9283,2.8909,2.9159,8500608.0
2025-01-27 21:00:00,2.9159,3.0065,2.9153,3.0011,14709484.0
2025-01-27 22:00:00,3.001,3.0587,2.9948,3.013,25901323.0
2025-01-27 23:00:00,3.013,3.0438,3.0012,3.035,8387255.0
2025-01-28 00:00:00,3.035,3.0583,3.0205,3.0552,6801597.0
2025-01-28 01:00:00,3.0552,3.0936,3.0316,3.0384,16425502.0
2025-01-28 02:00:00,3.0384,3.0418,3.0062,3.0197,9581016.0
2025-01-28 03:00:00,3.0196,3.0626,3.0186,3.0605,9293354.0
2025-01-28 04:00:00,3.0605,3.095,3.0422,3.0879,15782639.0
2025-01-28 05:00:00,3.088,3.1509,3.0849,3.1196,23275060.0
2025-01-28 06:00:00,3.1196,3.1263,3.0948,3.103,9720625.0
2025-01-28 07:00:00,3.1031,3.1192,3.0945,3.1014,11197093.0
2025-01-28 08:00:00,3.1013,3.1212,3.0913,3.1052,7312549.0
2025-01-28 09:00:00,3.1053,3.1164,3.0916,3.1042,6954109.0
2025-01-28 10:00:00,3.1042,3.1114,3.0717,3.1015,12709033.0
2025-01-28 11:00:00,3.1014,3.1383,3.101,3.1161,14748207.0
2025-01-28 12:00:00,3.1162,3.1446,3.1097,3.137,13472298.0
2025-01-28 13:00:00,3.1371,3.197,3.1283,3.1701,29854399.0
2025-01-28 14:00:00,3.1701,3.1851,3.1425,3.1486,13782741.0
2025-01-28 15:00:00,3.1487,3.1748,3.1151,3.159,21177756.0
2025-01-28 16:00:00,3.1591,3.214,3.158,3.1857,37114162.0
2025-01-28 17:00:00,3.1858,3.198,3.1555,3.1767,14935218.0
2025-01-28 18:00:00,3.1768,3.1874,3.1461,3.1548,11505428.0
2025-01-28 19:00:00,3.1549,3.179,3.1301,3.1372,10117331.0
2025-01-28 20:00:00,3.1371,3.1479,3.122,3.1374,8154570.0
2025-01-28 21:00:00,3.1374,3.1405,3.0724,3.0787,17789152.0
2025-01-28 22:00:00,3.0787,3.1038,3.0149,3.0162,22469638.0
2025-01-28 23:00:00,3.0162,3.0792,3.0124,3.0749,22631926.0
2025-01-29 00:00:00,3.0749,3.0839,3.0379,3.0572,9466980.0
2025-01-29 01:00:00,3.0572,3.0944,3.0551,3.0761,8292418.0
2025-01-29 02:00:00,3.0761,3.0883,3.0615,3.0679,5890333.0
2025-01-29 03:00:00,3.068,3.0962,3.0602,3.0652,4862160.0
2025-01-29 04:00:00,3.0653,3.0918,3.0632,3.0843,5007586.0
2025-01-29 05:00:00,3.0843,3.0949,3.0732,3.0928,4126377.0
2025-01-29 06:00:00,3.0928,3.1208,3.0861,3.1197,6398793.0
2025-01-29 07:00:00,3.1197,3.1237,3.11,3.1175,5725146.0
2025-01-29 08:00:00,3.1174,3.1175,3.0967,3.1061,6961172.0
2025-01-29 09:00:00,3.1061,3.1296,3.0983,3.1024,7966704.0
2025-01-29 10:00:00,3.1024,3.105,3.0712,3.0813,10026283.0
2025-01-29 11:00:00,3.0813,3.0993,3.0725,3.0901,6185905.0
2025-01-29 12:00:00,3.0901,3.0991,3.0805,3.0867,5812545.0
2025-01-29 13:00:00,3.0867,3.1005,3.0617,3.064,7279397.0
2025-01-29 14:00:00,3.0639,3.0662,3.0255,3.0582,15267409.0
2025-01-29 15:00:00,3.0582,3.077,3.046,3.0617,7285069.0
2025-01-29 16:00:00,3.0618,3.0804,3.0542,3.0649,5418622.0
2025-01-29 17:00:00,3.0649,3.066,3.0161,3.0403,12851216.0
2025-01-29 18:00:00,3.0403,3.0695,3.0387,3.0417,8717460.0
2025-01-29 19:00:00,3.0418,3.0666,3.0178,3.0655,14796942.0
2025-01-29 20:00:00,3.0655,3.1278,2.9673,3.0726,59430447.0
2025-01-29 21:00:00,3.0725,3.1363,3.0365,3.0968,25656067.0
2025-01-29 22:00:00,3.0967,3.1143,3.0747,3.0909,10336624.0
2025-01-29 23:00:00,3.091,3.102,3.0747,3.0794,4680161.0
2025-01-30 00:00:00,3.0795,3.1004,3.0636,3.0683,5781819.0
2025-01-30 01:00:00,3.0683,3.0877,3.0466,3.0796,5935889.0
2025-01-30 02:00:00,3.0795,3.124,3.075,3.1009,10952168.0
2025-01-30 03:00:00,3.1009,3.1114,3.0917,3.1089,5117467.0
2025-01-30 04:00:00,3.1089,3.124,3.102,3.1216,8141506.0
2025-01-30 05:00:00,3.1216,3.1356,3.1158,3.1265,8732257.0
2025-01-30 06:00:00,3.1266,3.1274,3.1067,3.1165,4414102.0
2025-01-30 07:00:00,3.1166,3.1258,3.1152,3.1204,4071146.0
2025-01-30 08:00:00,3.1205,3.1255,3.0972,3.1085,6149916.0
2025-01-30 09:00:00,3.1086,3.1158,3.0964,3.0991,5241817.0
2025-01-30 10:00:00,3.0991,3.1156,3.0966,3.1099,5083318.0
2025-01-30 11:00:00,3.1099,3.115,3.0972,3.1034,7212987.0
2025-01-30 12:00:00,3.1034,3.1119,3.0967,3.102,6513829.0
2025-01-30 13:00:00,3.102,3.102,3.0828,3.092,6688891.0
2025-01-30 14:00:00,3.0919,3.1059,3.0835,3.0983,6414828.0
2025-01-30 15:00:00,3.0982,3.1277,3.0919,3.12,9099290.0
2025-01-30 16:00:00,3.12,3.1544,3.1166,3.1203,20430107.0
2025-01-30 17:00:00,3.1204,3.136,3.1165,3.1233,6352392.0
2025-01-30 18:00:00,3.1232,3.1239,3.1072,3.1146,5295798.0
2025-01-30 19:00:00,3.1147,3.1309,3.0991,3.1232,8421308.0
2025-01-30 20:00:00,3.1233,3.145,3.1156,3.1299,9683320.0
2025-01-30 21:00:00,3.1299,3.14,3.1143,3.1188,5833164.0
2025-01-30 22:00:00,3.1188,3.1326,3.1187,3.1276,4278239.0
2025-01-30 23:00:00,3.1275,3.1425,3.1211,3.1348,4962396.0
2025-01-31 00:00:00,3.1349,3.154,3.1267,3.1276,8117179.0
2025-01-31 01:00:00,3.1276,3.1333,3.106,3.1096,6782251.0
2025-01-31 02:00:00,3.1096,3.1154,3.1004,3.1066,3005525.0
2025-01-31 03:00:00,3.1066,3.1098,3.0956,3.1,4740875.0
2025-01-31 04:00:00,3.0999,3.0999,3.0792,3.0929,10067504.0
2025-01-31 05:00:00,3.0929,3.093,3.071,3.0761,7312798.0
2025-01-31 06:00:00,3.0761,3.0901,3.0754,3.0881,4192698.0
2025-01-31 07:00:00,3.088,3.0985,3.0854,3.0897,4780310.0
2025-01-31 08:00:00,3.0897,3.0943,3.07,3.0794,7362716.0
2025-01-31 09:00:00,3.0794,3.0827,3.0588,3.0645,6296924.0
2025-01-31 10:00:00,3.0645,3.081,3.0631,3.081,4063310.0
2025-01-31 11:00:00,3.081,3.0835,3.0703,3.0784,3744845.0
2025-01-31 12:00:00,3.0783,3.1022,3.0753,3.0983,6889028.0
2025-01-31 13:00:00,3.0982,3.1118,3.0876,3.0953,5619304.0
2025-01-31 14:00:00,3.0954,3.107,3.0927,3.0954,5522041.0
2025-01-31 15:00:00,3.0953,3.1002,3.0705,3.0831,8161138.0
2025-01-31 16:00:00,3.0831,3.1148,3.0825,3.0989,8151818.0
2025-01-31 17:00:00,3.0989,3.1039,3.0789,3.0906,6184559.0
2025-01-31 18:00:00,3.0906,3.0915,3.0755,3.0757,4418005.0
2025-01-31 19:00:00,3.0757,3.08,3.0143,3.0315,20833907.0
2025-01-31 20:00:00,3.0316,3.0505,3.022,3.0329,10962880.0
2025-01-31 21:00:00,3.0328,3.0328,3.003,3.0195,11091729.0
2025-01-31 22:00:00,3.0194,3.037,3.0032,3.0369,5799008.0
2025-01-31 23:00:00,3.0369,3.0472,3.028,3.0387,3501698.0
2025-02-01 00:00:00,3.0386,3.0434,3.0274,3.0361,2750451.0
2025-02-01 01:00:00,3.0361,3.044,3.0263,3.044,3187178.0
2025-02-01 02:00:00,3.0439,3.0631,3.0421,3.0536,4069858.0
2025-02-01 03:00:00,3.0536,3.0727,3.0492,3.058,3381036.0
2025-02-01 04:00:00,3.058,3.059,3.0299,3.0403,3286177.0
2025-02-01 05:00:00,3.0404,3.0516,3.0357,3.0435,2503074.0
2025-02-01 06:00:00,3.0435,3.0578,3.0423,3.0552,3144314.0
2025-02-01 07:00:00,3.0551,3.0551,3.0369,3.0485,3412655.0
2025-02-01 08:00:00,3.0485,3.0535,3.0276,3.0309,3032179.0
2025-02-01 09:00:00,3.0309,3.0394,3.0086,3.0261,6113119.0
2025-02-01 10:00:00,3.026,3.0273,2.9466,2.9751,19619503.0
2025-02-01 11:00:00,2.9752,2.9934,2.9654,2.9666,10877064.0
2025-02-01 12:00:00,2.9666,2.9956,2.9651,2.9947,5259929.0
2025-02-01 13:00:00,2.9947,3.0083,2.9874,3.0006,5674129.0
2025-02-01 14:00:00,3.0007,3.0024,2.9744,2.9767,4707176.0
2025-02-01 15:00:00,2.9766,2.9889,2.9611,2.9624,6028783.0
2025-02-01 16:00:00,2.9625,2.9772,2.9506,2.9734,6505370.0
2025-02-01 17:00:00,2.9734,2.987,2.9635,2.9655,4688096.0
2025-02-01 18:00:00,2.9654,3.0017,2.9654,2.9937,5672139.0
2025-02-01 19:00:00,2.9938,2.996,2.963,2.9647,4149563.0
2025-02-01 20:00:00,2.9648,2.9671,2.9075,2.9388,13348339.0
2025-02-01 21:00:00,2.9388,2.9389,2.9,2.9241,14021368.0
2025-02-01 22:00:00,2.924,2.945,2.9082,2.912,8644483.0
2025-02-01 23:00:00,2.912,2.9268,2.8636,2.8869,13666352.0
2025-02-02 00:00:00,2.887,2.9005,2.8281,2.8778,18609520.0
2025-02-02 01:00:00,2.8779,2.9381,2.875,2.929,11685838.0
2025-02-02 02:00:00,2.9289,2.9559,2.9236,2.9376,8960645.0
2025-02-02 03:00:00,2.9375,2.9382,2.8806,2.8852,8589000.0
2025-02-02 04:00:00,2.8853,2.9,2.8273,2.8338,21440498.0
2025-02-02 05:00:00,2.8337,2.8637,2.8221,2.8399,12634724.0
2025-02-02 06:00:00,2.84,2.9143,2.8364,2.8992,14234943.0
2025-02-02 07:00:00,2.8992,2.9272,2.8947,2.9016,6357842.0
2025-02-02 08:00:00,2.9017,2.9073,2.8636,2.8818,12671908.0
2025-02-02 09:00:00,2.8817,2.9154,2.8745,2.9008,6116898.0
2025-02-02 10:00:00,2.9007,2.901,2.88,2.8977,4038098.0
2025-02-02 11:00:00,2.8977,2.9001,2.8528,2.8639,7351106.0
2025-02-02 12:00:00,2.8639,2.8712,2.7823,2.7871,22299720.0
2025-02-02 13:00:00,2.7871,2.8192,2.7325,2.7336,27187185.0
2025-02-02 14:00:00,2.7336,2.8248,2.7336,2.8204,21243501.0
2025-02-02 15:00:00,2.8205,2.8501,2.8106,2.8204,13700298.0
2025-02-02 16:00:00,2.8204,2.8204,2.7747,2.8106,13300553.0
2025-02-02 17:00:00,2.8107,2.811,2.6881,2.7111,34246238.0
2025-02-02 18:00:00,2.7111,2.7327,2.5233,2.5742,101956998.0
2025-02-02 19:00:00,2.5742,2.6277,2.5001,2.5384,81286417.0
2025-02-02 20:00:00,2.5384,2.7009,2.5044,2.6687,78632922.0
2025-02-02 21:00:00,2.6687,2.7207,2.6253,2.6341,36572548.0
2025-02-02 22:00:00,2.6341,2.6459,2.5732,2.6082,33094657.0
2025-02-02 23:00:00,2.6082,2.6535,2.4603,2.5837,45612679.0
2025-02-03 00:00:00,2.5836,2.5862,2.4694,2.58,60873796.0
2025-02-03 01:00:00,2.5801,2.5813,2.1817,2.3937,222134424.0
2025-02-03 02:00:00,2.3941,2.4157,2.0,2.0976,215208235.0
2025-02-03 03:00:00,2.0984,2.1743,1.7711,2.1529,275194822.0
2025-02-03 04:00:00,2.153,2.3216,2.1458,2.2589,132518906.0
2025-02-03 05:00:00,2.2589,2.3215,2.119,2.1389,86764218.0
2025-02-03 06:00:00,2.1389,2.3,2.1307,2.2932,54537582.0
2025-02-03 07:00:00,2.2932,2.3486,2.2536,2.3174,47502817.0
2025-02-03 08:00:00,2.3173,2.4531,2.3055,2.4298,68305656.0
2025-02-03 09:00:00,2.4298,2.4298,2.3082,2.3616,43813422.0
2025-02-03 10:00:00,2.3616,2.41,2.3518,2.3733,36471484.0
2025-02-03 11:00:00,2.3735,2.4405,2.3343,2.432,29597719.0
2025-02-03 12:00:00,2.4319,2.4329,2.3498,2.372,23519674.0
2025-02-03 13:00:00,2.372,2.4368,2.3515,2.3586,31281554.0
2025-02-03 14:00:00,2.3585,2.3837,2.3213,2.3395,28964807.0
2025-02-03 15:00:00,2.3396,2.3998,2.2067,2.373,150523557.0
2025-02-03 16:00:00,2.3729,2.5959,2.3594,2.552,126323603.0
2025-02-03 17:00:00,2.5521,2.6668,2.5375,2.6104,84824496.0
2025-02-03 18:00:00,2.6103,2.6953,2.5902,2.6748,40215215.0
2025-02-03 19:00:00,2.6747,2.6934,2.6295,2.6795,30129072.0
2025-02-03 20:00:00,2.6795,2.7814,2.6608,2.7464,45660560.0
2025-02-03 21:00:00,2.7463,2.7466,2.6443,2.6703,37390823.0
2025-02-03 22:00:00,2.6703,2.7281,2.6661,2.6983,20132986.0
2025-02-03 23:00:00,2.6983,2.735,2.675,2.7055,22177388.0
2025-02-04 00:00:00,2.7055,2.7283,2.6564,2.7001,13565952.0
2025-02-04 01:00:00,2.7,2.7874,2.6953,2.6986,28788747.0
2025-02-04 02:00:00,2.6986,2.7724,2.6914,2.7543,19700546.0
2025-02-04 03:00:00,2.7542,2.7796,2.721,2.7249,21193349.0
2025-02-04 04:00:00,2.725,2.735,2.6887,2.7208,13425653.0
2025-02-04 05:00:00,2.7209,2.7303,2.67,2.6759,14931549.0
2025-02-04 06:00:00,2.6758,2.6775,2.5033,2.5253,74877640.0
2025-02-04 07:00:00,2.5254,2.596,2.5227,2.5772,25906005.0
2025-02-04 08:00:00,2.5771,2.5771,2.472,2.486,28880990.0
2025-02-04 09:00:00,2.4859,2.5326,2.4748,2.4991,23817871.0
2025-02-04 10:00:00,2.4991,2.5457,2.4976,2.5114,18140086.0
2025-02-04 11:00:00,2.5114,2.58,2.5078,2.5666,20064152.0
2025-02-04 12:00:00,2.5666,2.6334,2.5645,2.5903,21875261.0
2025-02-04 13:00:00,2.5903,2.6589,2.5848,2.6409,18654198.0
2025-02-04 14:00:00,2.641,2.6592,2.5954,2.6051,16053585.0
2025-02-04 15:00:00,2.605,2.6863,2.5897,2.6591,27671787.0
2025-02-04 16:00:00,2.659,2.6733,2.5865,2.6204,22397936.0
2025-02-04 17:00:00,2.6205,2.665,2.605,2.6192,11674999.0
2025-02-04 18:00:00,2.6192,2.6514,2.5947,2.6272,12135509.0
2025-02-04 19:00:00,2.6273,2.656,2.605,2.6477,10138918.0
2025-02-04 20:00:00,2.6476,2.7105,2.5864,2.5881,40253106.0
2025-02-04 21:00:00,2.5882,2.62,2.532,2.5449,48787112.0
2025-02-04 22:00:00,2.545,2.547,2.4209,2.4496,64797072.0
2025-02-04 23:00:00,2.4497,2.5231,2.437,2.5168,23952412.0
2025-02-05 00:00:00,2.5169,2.5492,2.503,2.5274,13434482.0
2025-02-05 01:00:00,2.5275,2.545,2.5024,2.5238,10609609.0
2025-02-05 02:00:00,2.5237,2.5646,2.4984,2.5023,10624632.0
2025-02-05 03:00:00,2.5023,2.5314,2.4702,2.5188,16548785.0
2025-02-05 04:00:00,2.5187,2.5286,2.4944,2.5061,9682740.0
2025-02-05 05:00:00,2.5061,2.5187,2.4909,2.5079,6168503.0
2025-02-05 06:00:00,2.5079,2.5409,2.4856,2.5348,9166024.0
2025-02-05 07:00:00,2.5348,2.5396,2.4886,2.4961,10006123.0
2025-02-05 08:00:00,2.4962,2.5205,2.4862,2.511,8050625.0
2025-02-05 09:00:00,2.511,2.5256,2.4961,2.5166,6880622.0
2025-02-05 10:00:00,2.5165,2.5437,2.4995,2.5078,11732273.0
2025-02-05 11:00:00,2.5076,2.5294,2.5046,2.5185,5335063.0
2025-02-05 12:00:00,2.5186,2.556,2.5186,2.5496,12760050.0
2025-02-05 13:00:00,2.5496,2.5692,2.5227,2.53,13536524.0
2025-02-05 14:00:00,2.5301,2.548,2.5214,2.5432,8402202.0
2025-02-05 15:00:00,2.5432,2.5507,2.4965,2.5057,14615534.0
2025-02-05 16:00:00,2.5057,2.5293,2.4761,2.5024,17526633.0
2025-02-05 17:00:00,2.5023,2.509,2.4237,2.4546,25039833.0
2025-02-05 18:00:00,2.4547,2.4742,2.3877,2.3907,26001721.0
2025-02-05 19:00:00,2.3908,2.4204,2.3384,2.3671,36349037.0
2025-02-05 20:00:00,2.3671,2.443,2.3549,2.4374,22589622.0
2025-02-05 21:00:00,2.4375,2.4631,2.3859,2.4208,22431098.0
2025-02-05 22:00:00,2.4208,2.4336,2.3966,2.405,10202189.0
2025-02-05 23:00:00,2.4052,2.4157,2.3597,2.3751,15587372.0
2025-02-06 00:00:00,2.375,2.3974,2.3616,2.381,8968279.0
2025-02-06 01:00:00,2.381,2.4206,2.3767,2.3911,10146279.0
2025-02-06 02:00:00,2.3912,2.4232,2.3758,2.4026,8511807.0
2025-02-06 03:00:00,2.4027,2.4305,2.3986,2.4196,8885794.0
2025-02-06 04:00:00,2.4196,2.4354,2.406,2.4247,5351562.0
2025-02-06 05:00:00,2.4247,2.4461,2.4195,2.4379,6576580.0
2025-02-06 06:00:00,2.4379,2.4485,2.4244,2.4342,5702618.0
2025-02-06 07:00:00,2.4343,2.4678,2.4131,2.4646,9828745.0
2025-02-06 08:00:00,2.4647,2.4648,2.4329,2.4402,18804283.0
2025-02-06 09:00:00,2.4403,2.4497,2.4232,2.4278,6704427.0
2025-02-06 10:00:00,2.4277,2.46,2.4195,2.4531,8767922.0
2025-02-06 11:00:00,2.453,2.4699,2.4336,2.4612,10514559.0
2025-02-06 12:00:00,2.4612,2.4643,2.4242,2.449,8514513.0
2025-02-06 13:00:00,2.4489,2.453,2.3902,2.3979,14586315.0
2025-02-06 14:00:00,2.3978,2.4385,2.3933,2.4196,13259952.0
2025-02-06 15:00:00,2.4197,2.4289,2.3611,2.3698,17866313.0
2025-02-06 16:00:00,2.3698,2.3795,2.2855,2.3158,47891585.0
2025-02-06 17:00:00,2.3158,2.3417,2.286,2.3038,29147900.0
2025-02-06 18:00:00,2.3039,2.371,2.294,2.3232,17260619.0
2025-02-06 19:00:00,2.3233,2.3355,2.2939,2.2947,14753841.0
2025-02-06 20:00:00,2.2946,2.3366,2.2772,2.2953,18037078.0
2025-02-06 21:00:00,2.2953,2.365,2.2904,2.354,13998661.0
2025-02-06 22:00:00,2.3541,2.3561,2.3066,2.3419,12946212.0
2025-02-06 23:00:00,2.342,2.3433,2.3059,2.3368,7354647.0
2025-02-07 00:00:00,2.3368,2.3463,2.3025,2.325,7484725.0
2025-02-07 01:00:00,2.3251,2.3489,2.3109,2.3206,10082021.0
2025-02-07 02:00:00,2.3205,2.374,2.314,2.3549,11018920.0
2025-02-07 03:00:00,2.3549,2.3716,2.3502,2.3593,8262990.0
2025-02-07 04:00:00,2.3592,2.367,2.332,2.3536,5702235.0
2025-02-07 05:00:00,2.3535,2.373,2.3492,2.3573,7857641.0
2025-02-07 06:00:00,2.3573,2.3658,2.3425,2.352,3965020.0
2025-02-07 07:00:00,2.3521,2.3547,2.2655,2.292,20758074.0
2025-02-07 08:00:00,2.292,2.3346,2.2822,2.2889,13529165.0
2025-02-07 09:00:00,2.289,2.3322,2.277,2.3146,13763609.0
2025-02-07 10:00:00,2.3146,2.3772,2.3102,2.3742,16518828.0
2025-02-07 11:00:00,2.3742,2.4024,2.366,2.3863,13799543.0
2025-02-07 12:00:00,2.3863,2.4333,2.3848,2.4185,15328337.0
2025-02-07 13:00:00,2.4185,2.4281,2.3942,2.4142,11086691.0
2025-02-07 14:00:00,2.4143,2.4986,2.3732,2.4888,44800355.0
2025-02-07 15:00:00,2.4887,2.542,2.4851,2.5325,58539692.0
2025-02-07 16:00:00,2.5325,2.5329,2.4383,2.4789,50022445.0
2025-02-07 17:00:00,2.4789,2.509,2.4486,2.4594,23041544.0
2025-02-07 18:00:00,2.4594,2.4645,2.4111,2.4289,23316328.0
2025-02-07 19:00:00,2.429,2.5062,2.4247,2.4824,17511430.0
2025-02-07 20:00:00,2.4823,2.4825,2.4258,2.4279,12943701.0
2025-02-07 21:00:00,2.4279,2.4318,2.3508,2.3579,30858484.0
2025-02-07 22:00:00,2.3579,2.3974,2.3577,2.3723,11750650.0
2025-02-07 23:00:00,2.3723,2.383,2.3466,2.3809,10997986.0
2025-02-08 00:00:00,2.381,2.3983,2.3598,2.3968,12032256.0
2025-02-08 01:00:00,2.3969,2.4277,2.3795,2.4175,9449587.0
2025-02-08 02:00:00,2.4175,2.4187,2.3854,2.3885,7654304.0
2025-02-08 03:00:00,2.3886,2.4024,2.3757,2.3922,7601018.0
2025-02-08 04:00:00,2.3922,2.4054,2.3788,2.383,4394547.0
2025-02-08 05:00:00,2.383,2.3859,2.3667,2.3675,5791409.0
2025-02-08 06:00:00,2.3676,2.3811,2.3506,2.3769,6250865.0
2025-02-08 07:00:00,2.377,2.3902,2.3685,2.3808,6378239.0
2025-02-08 08:00:00,2.3808,2.4043,2.3582,2.3944,6688921.0
2025-02-08 09:00:00,2.3944,2.4033,2.371,2.3729,5664083.0
2025-02-08 10:00:00,2.3729,2.3991,2.3729,2.3955,5351102.0
2025-02-08 11:00:00,2.3954,2.418,2.3954,2.4086,9265090.0
2025-02-08 12:00:00,2.4085,2.4142,2.3955,2.4105,5616077.0
2025-02-08 13:00:00,2.4105,2.4161,2.3854,2.4021,7241472.0
2025-02-08 14:00:00,2.4022,2.435,2.4022,2.419,7759982.0
2025-02-08 15:00:00,2.419,2.4304,2.3995,2.4167,7206427.0
2025-02-08 16:00:00,2.4167,2.4243,2.3826,2.3913,9548195.0
2025-02-08 17:00:00,2.3913,2.4094,2.3778,2.4088,6336813.0
2025-02-08 18:00:00,2.4087,2.4219,2.4057,2.4201,6994809.0
2025-02-08 19:00:00,2.4202,2.435,2.407,2.4238,5553893.0
2025-02-08 20:00:00,2.4237,2.4372,2.4125,2.425,6224074.0
2025-02-08 21:00:00,2.4249,2.4316,2.4154,2.4238,3930294.0
2025-02-08 22:00:00,2.4237,2.4298,2.4143,2.4221,3633471.0
2025-02-08 23:00:00,2.422,2.4336,2.4031,2.4137,5283713.0
2025-02-09 00:00:00,2.4136,2.4368,2.4135,2.419,4898819.0
2025-02-09 01:00:00,2.419,2.424,2.4074,2.4181,3678844.0
2025-02-09 02:00:00,2.4182,2.4499,2.4135,2.4491,8430514.0
2025-02-09 03:00:00,2.4491,2.4499,2.4338,2.4362,4436618.0
2025-02-09 04:00:00,2.4362,2.505,2.4331,2.5038,15439626.0
2025-02-09 05:00:00,2.5038,2.5079,2.4753,2.4929,7734357.0
2025-02-09 06:00:00,2.4929,2.4946,2.4655,2.468,5117310.0
2025-02-09 07:00:00,2.4681,2.4743,2.4498,2.4728,6155009.0
2025-02-09 08:00:00,2.4729,2.4759,2.4547,2.4672,4630125.0
2025-02-09 09:00:00,2.4672,2.4967,2.4672,2.4836,8266077.0
2025-02-09 10:00:00,2.4836,2.4861,2.4568,2.4664,5743343.0
2025-02-09 11:00:00,2.4665,2.47,2.4521,2.4533,4500797.0
2025-02-09 12:00:00,2.4533,2.4603,2.4381,2.4386,5442278.0
2025-02-09 13:00:00,2.4387,2.4488,2.4257,2.437,6156411.0
2025-02-09 14:00:00,2.4371,2.4396,2.3795,2.3885,18225022.0
2025-02-09 15:00:00,2.3884,2.4187,2.3845,2.4074,8911164.0
2025-02-09 16:00:00,2.4074,2.4311,2.4065,2.4285,7611665.0
2025-02-09 17:00:00,2.4284,2.4347,2.4151,2.427,4280254.0
2025-02-09 18:00:00,2.427,2.4327,2.402,2.4097,4105553.0
2025-02-09 19:00:00,2.4096,2.42,2.4022,2.413,2943667.0
2025-02-09 20:00:00,2.4129,2.4164,2.385,2.3987,5675553.0
2025-02-09 21:00:00,2.3987,2.4227,2.3966,2.4119,4664041.0
2025-02-09 22:00:00,2.4119,2.4163,2.3113,2.3356,31831925.0
2025-02-09 23:00:00,2.3355,2.4,2.3154,2.3717,22061962.0
2025-02-10 00:00:00,2.3717,2.4,2.3627,2.3928,8163488.0
2025-02-10 01:00:00,2.3928,2.437,2.392,2.4086,13256714.0
2025-02-10 02:00:00,2.4087,2.4107,2.3351,2.3447,15166481.0
2025-02-10 03:00:00,2.3447,2.3605,2.3235,2.3453,18003137.0
2025-02-10 04:00:00,2.3454,2.4155,2.3353,2.3827,17041929.0
2025-02-10 05:00:00,2.3828,2.4071,2.3721,2.388,7354395.0
2025-02-10 06:00:00,2.388,2.4196,2.3809,2.4017,9242985.0
2025-02-10 07:00:00,2.4018,2.4072,2.3842,2.3944,8611261.0
2025-02-10 08:00:00,2.3944,2.4092,2.3926,2.4049,7511357.0
2025-02-10 09:00:00,2.4049,2.445,2.4015,2.4373,11607964.0
2025-02-10 10:00:00,2.4374,2.4534,2.4247,2.4325,9827130.0
2025-02-10 11:00:00,2.4325,2.442,2.4182,2.4232,6876365.0
2025-02-10 12:00:00,2.4232,2.4362,2.4102,2.4285,5426143.0
2025-02-10 13:00:00,2.4286,2.4363,2.4051,2.4136,6537607.0
2025-02-10 14:00:00,2.4137,2.4733,2.4107,2.462,10812243.0
2025-02-10 15:00:00,2.4621,2.4683,2.4177,2.425,12597687.0
2025-02-10 16:00:00,2.425,2.4384,2.4057,2.4218,11518870.0
2025-02-10 17:00:00,2.4218,2.4358,2.4093,2.4245,6143576.0
2025-02-10 18:00:00,2.4244,2.4424,2.4174,2.4375,6329703.0
2025-02-10 19:00:00,2.4374,2.4397,2.4235,2.4386,4350872.0
2025-02-10 20:00:00,2.4387,2.4458,2.4191,2.4244,3801008.0
2025-02-10 21:00:00,2.4245,2.4423,2.4201,2.4344,3735381.0
2025-02-10 22:00:00,2.4344,2.4354,2.4205,2.4274,3044225.0
2025-02-10 23:00:00,2.4274,2.4312,2.4089,2.4152,5133363.0
2025-02-11 00:00:00,2.4152,2.4253,2.4085,2.4237,3327537.0
2025-02-11 01:00:00,2.4238,2.4593,2.42,2.4489,7134791.0
2025-02-11 02:00:00,2.4488,2.47,2.442,2.4557,10167109.0
2025-02-11 03:00:00,2.4557,2.4591,2.4319,2.4433,6035147.0
2025-02-11 04:00:00,2.4433,2.4433,2.4334,2.4413,3652711.0
2025-02-11 05:00:00,2.4413,2.4794,2.441,2.4773,10492135.0
2025-02-11 06:00:00,2.4773,2.52,2.4687,2.5168,18427893.0
2025-02-11 07:00:00,2.5167,2.529,2.4917,2.5224,13011784.0
2025-02-11 08:00:00,2.5225,2.5246,2.498,2.4999,11612087.0
2025-02-11 09:00:00,2.4999,2.5126,2.4932,2.5029,10771742.0
2025-02-11 10:00:00,2.5029,2.5125,2.4803,2.486,13626381.0
2025-02-11 11:00:00,2.4859,2.4957,2.4736,2.4847,10425053.0
2025-02-11 12:00:00,2.4846,2.499,2.4768,2.4964,5811400.0
2025-02-11 13:00:00,2.4964,2.4991,2.4685,2.4851,6473158.0
2025-02-11 14:00:00,2.4851,2.4955,2.4339,2.4421,15128821.0
2025-02-11 15:00:00,2.4421,2.4724,2.4369,2.4678,12308051.0
2025-02-11 16:00:00,2.4678,2.486,2.4523,2.4697,6818544.0
2025-02-11 17:00:00,2.4697,2.4815,2.4524,2.4564,6259108.0
2025-02-11 18:00:00,2.4563,2.4573,2.4185,2.4296,13445307.0
2025-02-11 19:00:00,2.4296,2.43,2.3893,2.3993,21349499.0
2025-02-11 20:00:00,2.3993,2.4085,2.3708,2.3875,11939450.0
2025-02-11 21:00:00,2.3876,2.422,2.3834,2.4131,10848001.0
2025-02-11 22:00:00,2.4131,2.4464,2.4104,2.4335,11154169.0
2025-02-11 23:00:00,2.4335,2.4456,2.401,2.4121,7398682.0
2025-02-12 00:00:00,2.4121,2.4297,2.4094,2.4131,3891153.0
2025-02-12 01:00:00,2.413,2.4268,2.3978,2.4212,5607142.0
2025-02-12 02:00:00,2.4211,2.4271,2.4056,2.4225,3969469.0
2025-02-12 03:00:00,2.4225,2.4229,2.392,2.3986,7585062.0
2025-02-12 04:00:00,2.3986,2.4019,2.3814,2.3884,7941786.0
2025-02-12 05:00:00,2.3884,2.4012,2.3804,2.3957,6481792.0
2025-02-12 06:00:00,2.3958,2.4158,2.3911,2.4096,4241548.0
2025-02-12 07:00:00,2.4097,2.4128,2.3936,2.3975,4762530.0
2025-02-12 08:00:00,2.3974,2.419,2.393,2.4062,6204691.0
2025-02-12 09:00:00,2.4062,2.4258,2.4057,2.4194,3998333.0
2025-02-12 10:00:00,2.4193,2.4236,2.4057,2.4199,3571130.0
2025-02-12 11:00:00,2.4199,2.4227,2.4004,2.4068,5163685.0
2025-02-12 12:00:00,2.4069,2.4333,2.4068,2.4213,5190728.0
2025-02-12 13:00:00,2.4213,2.4461,2.4198,2.4208,9041727.0
2025-02-12 14:00:00,2.4208,2.4523,2.3323,2.3883,52056538.0
2025-02-12 15:00:00,2.3884,2.3968,2.3398,2.3936,22385279.0
2025-02-12 16:00:00,2.3936,2.4144,2.3656,2.4008,14819832.0
2025-02-12 17:00:00,2.4008,2.4391,2.3791,2.4284,11154919.0
2025-02-12 18:00:00,2.4283,2.4664,2.4269,2.4541,14955646.0
2025-02-12 19:00:00,2.4542,2.4553,2.4284,2.4495,6187478.0
2025-02-12 20:00:00,2.4494,2.4518,2.4288,2.4482,4702038.0
2025-02-12 21:00:00,2.4482,2.4687,2.44,2.4539,6999583.0
2025-02-12 22:00:00,2.454,2.4697,2.445,2.4589,5216537.0
2025-02-12 23:00:00,2.459,2.4962,2.4534,2.4759,10725940.0
2025-02-13 00:00:00,2.4759,2.4821,2.4625,2.4734,4994223.0
2025-02-13 01:00:00,2.4734,2.4761,2.4515,2.4615,5069132.0
2025-02-13 02:00:00,2.4614,2.482,2.4586,2.4797,3712980.0
2025-02-13 03:00:00,2.4796,2.4799,2.4653,2.4716,4391353.0
2025-02-13 04:00:00,2.4716,2.483,2.4681,2.4827,5336310.0
2025-02-13 05:00:00,2.4828,2.4862,2.4661,2.4722,6391809.0
2025-02-13 06:00:00,2.4724,2.4734,2.4578,2.469,5786718.0
2025-02-13 07:00:00,2.469,2.4727,2.4334,2.4384,9997021.0
2025-02-13 08:00:00,2.4384,2.4492,2.4283,2.4407,7340798.0
2025-02-13 09:00:00,2.4407,2.4468,2.4195,2.4299,6526733.0
2025-02-13 10:00:00,2.4299,2.4536,2.423,2.4505,4412837.0
2025-02-13 11:00:00,2.4504,2.4581,2.4443,2.4469,3828382.0
2025-02-13 12:00:00,2.4469,2.4505,2.4287,2.444,4135928.0
2025-02-13 13:00:00,2.4441,2.4709,2.4303,2.4355,8823989.0
2025-02-13 14:00:00,2.4355,2.4646,2.4271,2.4484,10190561.0
2025-02-13 15:00:00,2.4484,2.4504,2.4154,2.4312,10539190.0
2025-02-13 16:00:00,2.4313,2.4579,2.4169,2.4478,7122740.0
2025-02-13 17:00:00,2.4477,2.4494,2.421,2.4228,7241486.0
2025-02-13 18:00:00,2.4228,2.4424,2.4211,2.4299,5029784.0
2025-02-13 19:00:00,2.4299,2.454,2.4226,2.4521,6232008.0
2025-02-13 20:00:00,2.4521,2.4733,2.4475,2.4546,7369945.0
2025-02-13 21:00:00,2.4546,2.4832,2.454,2.4766,6951204.0
2025-02-13 22:00:00,2.4767,2.5281,2.4753,2.5011,19733353.0
2025-02-13 23:00:00,2.501,2.6061,2.4955,2.5272,41262568.0
2025-02-14 00:00:00,2.5272,2.5658,2.5062,2.5599,15051874.0
2025-02-14 01:00:00,2.56,2.5779,2.5386,2.5597,16535357.0
2025-02-14 02:00:00,2.5597,2.5666,2.53,2.5462,8050681.0
2025-02-14 03:00:00,2.5459,2.5671,2.5456,2.5539,6674824.0
2025-02-14 04:00:00,2.5539,2.5938,2.5537,2.5938,8902049.0
2025-02-14 05:00:00,2.5938,2.598,2.5651,2.5692,8240097.0
2025-02-14 06:00:00,2.5691,2.5848,2.5546,2.5578,6870133.0
2025-02-14 07:00:00,2.5577,2.5637,2.5382,2.5565,9912314.0
2025-02-14 08:00:00,2.5566,2.5926,2.5532,2.5881,11250498.0
2025-02-14 09:00:00,2.588,2.7396,2.5871,2.6952,53525520.0
2025-02-14 10:00:00,2.6952,2.7766,2.6899,2.7557,43321809.0
2025-02-14 11:00:00,2.7557,2.7647,2.7266,2.7391,16394341.0
2025-02-14 12:00:00,2.739,2.7895,2.7263,2.7324,22586538.0
2025-02-14 13:00:00,2.7324,2.7373,2.6797,2.698,29216704.0
2025-02-14 14:00:00,2.6981,2.7294,2.6838,2.7207,15461930.0
2025-02-14 15:00:00,2.7208,2.7513,2.7179,2.7291,16343573.0
2025-02-14 16:00:00,2.7292,2.7331,2.695,2.7251,15927432.0
2025-02-14 17:00:00,2.7251,2.7387,2.6999,2.7368,9625147.0
2025-02-14 18:00:00,2.7368,2.7628,2.7222,2.7451,12152826.0
2025-02-14 19:00:00,2.7452,2.7756,2.7413,2.7542,13287923.0
2025-02-14 20:00:00,2.7543,2.8356,2.7535,2.7879,34871231.0
2025-02-14 21:00:00,2.788,2.8109,2.7342,2.747,16004755.0
2025-02-14 22:00:00,2.7471,2.7598,2.7078,2.7473,14695736.0
2025-02-14 23:00:00,2.7473,2.7474,2.6917,2.7104,11086876.0
2025-02-15 00:00:00,2.7105,2.7437,2.7068,2.7384,6602828.0
2025-02-15 01:00:00,2.7384,2.7524,2.7235,2.7476,6440845.0
2025-02-15 02:00:00,2.7477,2.784,2.7454,2.7819,7103920.0
2025-02-15 03:00:00,2.7819,2.8335,2.7813,2.8237,20331486.0
2025-02-15 04:00:00,2.8236,2.829,2.7978,2.8135,8690405.0
2025-02-15 05:00:00,2.8135,2.8149,2.7822,2.7911,9067020.0
2025-02-15 06:00:00,2.7911,2.8071,2.7793,2.7864,5556414.0
2025-02-15 07:00:00,2.7864,2.7922,2.7615,2.7635,7136543.0
2025-02-15 08:00:00,2.7636,2.776,2.746,2.7638,7766619.0
2025-02-15 09:00:00,2.7638,2.81,2.7637,2.7991,10347974.0
2025-02-15 10:00:00,2.799,2.8128,2.7852,2.787,6982509.0
2025-02-15 11:00:00,2.7869,2.818,2.7771,2.8069,6644492.0
2025-02-15 12:00:00,2.8068,2.8145,2.7824,2.7972,5713709.0
2025-02-15 13:00:00,2.7973,2.8146,2.7921,2.7986,5269009.0
2025-02-15 14:00:00,2.7986,2.8248,2.798,2.8092,5948564.0
2025-02-15 15:00:00,2.8092,2.8104,2.7577,2.7864,14338211.0
2025-02-15 16:00:00,2.7865,2.805,2.7735,2.78,7264861.0
2025-02-15 17:00:00,2.7799,2.7859,2.7592,2.7694,7536841.0
2025-02-15 18:00:00,2.7694,2.7777,2.7385,2.7485,13087729.0
2025-02-15 19:00:00,2.7484,2.7785,2.7465,2.777,4525603.0
2025-02-15 20:00:00,2.777,2.7785,2.7385,2.7446,4234861.0
2025-02-15 21:00:00,2.7447,2.7523,2.713,2.7299,8419299.0
2025-02-15 22:00:00,2.7299,2.7464,2.7287,2.7434,5088876.0
2025-02-15 23:00:00,2.7434,2.7529,2.7258,2.7471,2907335.0
2025-02-16 00:00:00,2.7471,2.7656,2.7428,2.7619,3778782.0
2025-02-16 01:00:00,2.7619,2.7838,2.7552,2.7708,5902166.0
2025-02-16 02:00:00,2.7709,2.7988,2.7636,2.7923,8549260.0
2025-02-16 03:00:00,2.7924,2.7928,2.7699,2.7789,3744414.0
2025-02-16 04:00:00,2.7788,2.7879,2.7668,2.7832,3278515.0
2025-02-16 05:00:00,2.7832,2.798,2.7777,2.7898,3515518.0
2025-02-16 06:00:00,2.7898,2.8054,2.7788,2.7931,3919042.0
2025-02-16 07:00:00,2.793,2.8011,2.78,2.7867,5905754.0
2025-02-16 08:00:00,2.7868,2.787,2.7495,2.7603,7980558.0
2025-02-16 09:00:00,2.7603,2.7773,2.7556,2.7662,4007611.0
2025-02-16 10:00:00,2.7662,2.7691,2.74,2.7617,7149733.0
2025-02-16 11:00:00,2.7617,2.7623,2.7445,2.7453,2981707.0
2025-02-16 12:00:00,2.7453,2.77,2.7436,2.7642,4094908.0
2025-02-16 13:00:00,2.7642,2.7673,2.7485,2.7611,2503943.0
2025-02-16 14:00:00,2.7612,2.7639,2.7266,2.732,5283930.0
2025-02-16 15:00:00,2.732,2.7333,2.6969,2.7266,15023535.0
2025-02-16 16:00:00,2.7267,2.7351,2.7157,2.7231,3385433.0
2025-02-16 17:00:00,2.723,2.734,2.7135,2.7295,3439143.0
2025-02-16 18:00:00,2.7296,2.7411,2.7257,2.7305,3644568.0
2025-02-16 19:00:00,2.7304,2.7304,2.6879,2.7176,9939430.0
2025-02-16 20:00:00,2.7176,2.7294,2.6995,2.7261,4188424.0
2025-02-16 21:00:00,2.7261,2.7503,2.7236,2.7448,5807531.0
2025-02-16 22:00:00,2.7448,2.7683,2.735,2.7594,6843294.0
2025-02-16 23:00:00,2.7593,2.7656,2.734,2.7595,4870706.0
2025-02-17 00:00:00,2.7596,2.7601,2.7177,2.7283,6428874.0
2025-02-17 01:00:00,2.7283,2.7477,2.7223,2.7463,5640036.0
2025-02-17 02:00:00,2.7463,2.7646,2.7388,2.7604,4152703.0
2025-02-17 03:00:00,2.7604,2.7648,2.7299,2.7339,4626474.0
2025-02-17 04:00:00,2.7339,2.7341,2.7,2.7126,8393358.0
2025-02-17 05:00:00,2.7126,2.7174,2.6919,2.703,8414151.0
2025-02-17 06:00:00,2.703,2.7057,2.6546,2.6915,23530020.0
2025-02-17 07:00:00,2.6915,2.7037,2.6637,2.6764,9741381.0
2025-02-17 08:00:00,2.6763,2.6885,2.6357,2.655,15890642.0
2025-02-17 09:00:00,2.6549,2.6759,2.642,2.6728,8393966.0
2025-02-17 10:00:00,2.6727,2.6899,2.6702,2.6803,7759637.0
2025-02-17 11:00:00,2.6803,2.7001,2.6723,2.675,6724533.0
2025-02-17 12:00:00,2.6749,2.6864,2.6633,2.6727,4366445.0
2025-02-17 13:00:00,2.6727,2.696,2.6703,2.691,6183236.0
2025-02-17 14:00:00,2.6909,2.6931,2.6691,2.6821,5225584.0
2025-02-17 15:00:00,2.6821,2.7323,2.677,2.7151,12232908.0
2025-02-17 16:00:00,2.7152,2.7251,2.6395,2.6465,17419411.0
2025-02-17 17:00:00,2.6464,2.6547,2.6075,2.6176,18755940.0
2025-02-17 18:00:00,2.6176,2.6639,2.6171,2.6533,8924396.0
2025-02-17 19:00:00,2.6534,2.6542,2.6144,2.6258,8590371.0
2025-02-17 20:00:00,2.6258,2.6553,2.6111,2.6487,6824760.0
2025-02-17 21:00:00,2.6487,2.6668,2.6472,2.6601,5624474.0
2025-02-17 22:00:00,2.66,2.6852,2.659,2.6849,4582698.0
2025-02-17 23:00:00,2.6849,2.686,2.6502,2.6519,5788325.0
2025-02-18 00:00:00,2.6518,2.6621,2.6435,2.6599,5027907.0
2025-02-18 01:00:00,2.6599,2.6658,2.6262,2.6363,5550180.0
2025-02-18 02:00:00,2.6364,2.6686,2.6299,2.6661,4837749.0
2025-02-18 03:00:00,2.6661,2.6699,2.6511,2.655,4294989.0
2025-02-18 04:00:00,2.655,2.6664,2.6486,2.6599,4043269.0
2025-02-18 05:00:00,2.66,2.6669,2.6387,2.6464,5737209.0
2025-02-18 06:00:00,2.6464,2.6505,2.6035,2.6088,9987934.0
2025-02-18 07:00:00,2.6088,2.6117,2.5491,2.5534,25887968.0
2025-02-18 08:00:00,2.5534,2.5851,2.5414,2.5636,12729548.0
2025-02-18 09:00:00,2.5636,2.58,2.5463,2.556,9104701.0
2025-02-18 10:00:00,2.556,2.6018,2.5476,2.6008,8661641.0
2025-02-18 11:00:00,2.6008,2.6097,2.5861,2.5883,5907378.0
2025-02-18 12:00:00,2.5884,2.59,2.5695,2.5735,4988030.0
2025-02-18 13:00:00,2.5736,2.6223,2.5705,2.6091,8296963.0
2025-02-18 14:00:00,2.609,2.6162,2.5967,2.6101,4240378.0
2025-02-18 15:00:00,2.6102,2.631,2.5629,2.5778,13259348.0
2025-02-18 16:00:00,2.5778,2.5818,2.5264,2.5407,15245194.0
2025-02-18 17:00:00,2.5408,2.557,2.4754,2.4909,24664355.0
2025-02-18 18:00:00,2.4909,2.5056,2.4693,2.5046,12027230.0
2025-02-18 19:00:00,2.5045,2.5363,2.4955,2.5157,11770876.0
2025-02-18 20:00:00,2.5158,2.5252,2.4883,2.5117,8837432.0
2025-02-18 21:00:00,2.5118,2.5223,2.4954,2.5041,6062142.0
2025-02-18 22:00:00,2.5041,2.5446,2.5013,2.5332,8499717.0
2025-02-18 23:00:00,2.5333,2.5601,2.5278,2.5465,5824598.0
2025-02-19 00:00:00,2.5465,2.5683,2.5397,2.5628,6711190.0
2025-02-19 01:00:00,2.5629,2.5748,2.5314,2.5374,8249156.0
2025-02-19 02:00:00,2.5373,2.5405,2.5192,2.5383,6191684.0
2025-02-19 03:00:00,2.5384,2.5779,2.5374,2.5709,8557044.0
2025-02-19 04:00:00,2.5709,2.5724,2.5423,2.5541,7028495.0
2025-02-19 05:00:00,2.554,2.5559,2.5167,2.5171,7540005.0
2025-02-19 06:00:00,2.5171,2.5362,2.5121,2.5309,5173224.0
2025-02-19 07:00:00,2.5309,2.5501,2.5215,2.5465,6403936.0
2025-02-19 08:00:00,2.5465,2.5656,2.5441,2.5571,7108642.0
2025-02-19 09:00:00,2.5571,2.571,2.5428,2.5466,4371821.0
2025-02-19 10:00:00,2.5466,2.5658,2.5435,2.5594,4018930.0
2025-02-19 11:00:00,2.5594,2.5846,2.5593,2.5752,7329009.0
2025-02-19 12:00:00,2.5752,2.6322,2.5728,2.6152,14895784.0
2025-02-19 13:00:00,2.6152,2.6217,2.5817,2.5845,10260986.0
2025-02-19 14:00:00,2.5845,2.6129,2.5845,2.61,4970040.0
2025-02-19 15:00:00,2.61,2.6252,2.5811,2.5824,7977791.0
2025-02-19 16:00:00,2.5824,2.6243,2.5732,2.6075,8385350.0
2025-02-19 17:00:00,2.6077,2.6746,2.607,2.6421,15115217.0
2025-02-19 18:00:00,2.6421,2.692,2.6361,2.6757,14446074.0
2025-02-19 19:00:00,2.6757,2.6843,2.6479,2.6513,12902395.0
2025-02-19 20:00:00,2.6513,2.6793,2.633,2.6607,8592962.0
2025-02-19 21:00:00,2.6607,2.685,2.6559,2.666,5826055.0
2025-02-19 22:00:00,2.6659,2.6974,2.6589,2.6733,6769318.0
2025-02-19 23:00:00,2.6733,2.7186,2.6665,2.7043,7886025.0
2025-02-20 00:00:00,2.7044,2.747,2.7044,2.7378,18222748.0
2025-02-20 01:00:00,2.7378,2.749,2.7035,2.7147,12037841.0
2025-02-20 02:00:00,2.7147,2.7197,2.6855,2.6954,6544093.0
2025-02-20 03:00:00,2.6954,2.7063,2.6813,2.6912,7008116.0
2025-02-20 04:00:00,2.6912,2.7126,2.6912,2.7046,6075431.0
2025-02-20 05:00:00,2.7045,2.7173,2.7,2.7136,4873957.0
2025-02-20 06:00:00,2.7136,2.7331,2.7081,2.7186,11714769.0
2025-02-20 07:00:00,2.7186,2.7247,2.6844,2.6852,8064383.0
2025-02-20 08:00:00,2.6852,2.7022,2.6701,2.6861,9765049.0
2025-02-20 09:00:00,2.6861,2.7051,2.6822,2.7047,2655857.0
2025-02-20 10:00:00,2.7048,2.7125,2.69,2.6926,4401321.0
2025-02-20 11:00:00,2.6925,2.7075,2.6834,2.7069,4676799.0
2025-02-20 12:00:00,2.7068,2.7087,2.6762,2.6813,5786250.0
2025-02-20 13:00:00,2.6813,2.7097,2.6811,2.6868,5532747.0
2025-02-20 14:00:00,2.6868,2.7055,2.6807,2.7042,6185676.0
2025-02-20 15:00:00,2.7043,2.7473,2.6858,2.6918,17439373.0
2025-02-20 16:00:00,2.6919,2.6998,2.6707,2.6728,7613990.0
2025-02-20 17:00:00,2.6728,2.7066,2.6671,2.6874,8002607.0
2025-02-20 18:00:00,2.6874,2.7056,2.6873,2.7039,2890415.0
2025-02-20 19:00:00,2.704,2.7283,2.7038,2.7121,6077350.0
2025-02-20 20:00:00,2.712,2.7199,2.7032,2.7076,3419306.0
2025-02-20 21:00:00,2.7078,2.714,2.6914,2.6965,4565251.0
2025-02-20 22:00:00,2.6966,2.6975,2.6699,2.6756,6757877.0
2025-02-20 23:00:00,2.6756,2.693,2.6754,2.6859,5654433.0
2025-02-21 00:00:00,2.6859,2.6998,2.6844,2.6877,3470784.0
2025-02-21 01:00:00,2.6878,2.6931,2.6701,2.679,5319713.0
2025-02-21 02:00:00,2.6791,2.683,2.6517,2.6641,6582842.0
2025-02-21 03:00:00,2.664,2.6732,2.653,2.6568,4833785.0
2025-02-21 04:00:00,2.6567,2.663,2.6396,2.6437,6535775.0
2025-02-21 05:00:00,2.6436,2.6588,2.6413,2.6552,4330931.0
2025-02-21 06:00:00,2.6552,2.6595,2.6464,2.6485,4568605.0
2025-02-21 07:00:00,2.6485,2.6688,2.6436,2.6665,4954152.0
2025-02-21 08:00:00,2.6665,2.675,2.6568,2.6596,5040946.0
2025-02-21 09:00:00,2.6597,2.6757,2.6547,2.6715,5291118.0
2025-02-21 10:00:00,2.6714,2.695,2.6466,2.667,11518820.0
2025-02-21 11:00:00,2.667,2.6787,2.6601,2.6757,4403598.0
2025-02-21 12:00:00,2.6758,2.6773,2.6507,2.6507,6594735.0
2025-02-21 13:00:00,2.6508,2.6661,2.6454,2.6656,4206524.0
2025-02-21 14:00:00,2.6656,2.716,2.6655,2.6987,16380878.0
2025-02-21 15:00:00,2.6987,2.7012,2.65,2.6685,12434925.0
2025-02-21 16:00:00,2.6685,2.6981,2.5644,2.6144,42037219.0
2025-02-21 17:00:00,2.6144,2.6473,2.5944,2.6297,20343272.0
2025-02-21 18:00:00,2.6297,2.6394,2.558,2.5688,18512544.0
2025-02-21 19:00:00,2.5687,2.5858,2.5539,2.5756,10039005.0
2025-02-21 20:00:00,2.5755,2.5833,2.5076,2.5257,17563422.0
2025-02-21 21:00:00,2.5257,2.5489,2.5158,2.5279,13136373.0
2025-02-21 22:00:00,2.5279,2.5474,2.527,2.536,10324252.0
2025-02-21 23:00:00,2.536,2.5718,2.5336,2.5638,14654585.0
2025-02-22 00:00:00,2.5638,2.5763,2.5537,2.5721,8146188.0
2025-02-22 01:00:00,2.5722,2.5878,2.5505,2.583,6748392.0
2025-02-22 02:00:00,2.583,2.5987,2.5776,2.5902,4712498.0
2025-02-22 03:00:00,2.5902,2.5902,2.5626,2.5733,7816687.0
2025-02-22 04:00:00,2.5732,2.5756,2.5599,2.5724,5352717.0
2025-02-22 05:00:00,2.5724,2.586,2.5672,2.5821,3877167.0
2025-02-22 06:00:00,2.5822,2.5858,2.5715,2.583,2581981.0
2025-02-22 07:00:00,2.583,2.5881,2.578,2.5855,2237075.0
2025-02-22 08:00:00,2.5856,2.5954,2.5811,2.5815,2636131.0
2025-02-22 09:00:00,2.5815,2.5854,2.5641,2.5721,6835826.0
2025-02-22 10:00:00,2.5722,2.5846,2.5722,2.583,3305102.0
2025-02-22 11:00:00,2.583,2.5967,2.578,2.5858,6161090.0
2025-02-22 12:00:00,2.5858,2.5935,2.5833,2.5886,2050339.0
2025-02-22 13:00:00,2.5887,2.5946,2.5823,2.5907,2647744.0
2025-02-22 14:00:00,2.5908,2.5997,2.5784,2.5798,4100103.0
2025-02-22 15:00:00,2.5798,2.5888,2.5794,2.5831,2162029.0
2025-02-22 16:00:00,2.5832,2.5957,2.58,2.5902,2967506.0
2025-02-22 17:00:00,2.5903,2.5989,2.5861,2.5872,3192005.0
2025-02-22 18:00:00,2.5873,2.606,2.5843,2.606,3329559.0
2025-02-22 19:00:00,2.6059,2.6099,2.5876,2.5906,2893563.0
2025-02-22 20:00:00,2.5906,2.5937,2.5814,2.5874,2299790.0
2025-02-22 21:00:00,2.5874,2.5893,2.5678,2.578,8783354.0
2025-02-22 22:00:00,2.578,2.5829,2.5732,2.5804,1688947.0
2025-02-22 23:00:00,2.5804,2.5873,2.5787,2.5818,2000298.0
2025-02-23 00:00:00,2.5819,2.5839,2.5736,2.574,2136749.0
2025-02-23 01:00:00,2.574,2.575,2.5408,2.5661,8717021.0
2025-02-23 02:00:00,2.5661,2.5708,2.5459,2.5569,3975136.0
2025-02-23 03:00:00,2.5569,2.56,2.543,2.5439,2375733.0
2025-02-23 04:00:00,2.544,2.557,2.5413,2.5527,2997253.0
2025-02-23 05:00:00,2.5527,2.5602,2.544,2.5592,2064235.0
2025-02-23 06:00:00,2.5591,2.5714,2.5565,2.5646,3300772.0
2025-02-23 07:00:00,2.5646,2.5694,2.5608,2.5655,2206090.0
2025-02-23 08:00:00,2.5656,2.6016,2.5645,2.59,6028703.0
2025-02-23 09:00:00,2.59,2.5915,2.5794,2.5871,2815640.0
2025-02-23 10:00:00,2.5871,2.589,2.5659,2.5796,5544635.0
2025-02-23 11:00:00,2.5796,2.5822,2.5676,2.5732,2535345.0
2025-02-23 12:00:00,2.5732,2.5784,2.5663,2.5693,1663206.0
2025-02-23 13:00:00,2.5693,2.5743,2.5462,2.5524,6595556.0
2025-02-23 14:00:00,2.5525,2.5662,2.551,2.5649,3322806.0
2025-02-23 15:00:00,2.5649,2.5686,2.5483,2.5526,3556284.0
2025-02-23 16:00:00,2.5526,2.559,2.5201,2.522,6000442.0
2025-02-23 17:00:00,2.522,2.5562,2.5205,2.5392,5609571.0
2025-02-23 18:00:00,2.5392,2.564,2.5389,2.5592,4021584.0
2025-02-23 19:00:00,2.5592,2.5659,2.5492,2.552,2693247.0
2025-02-23 20:00:00,2.5521,2.5592,2.5493,2.5523,1560502.0
2025-02-23 21:00:00,2.5524,2.558,2.5415,2.5552,2879893.0
2025-02-23 22:00:00,2.5552,2.5738,2.5537,2.5737,3000908.0
2025-02-23 23:00:00,2.5738,2.574,2.5578,2.5645,3478901.0
2025-02-24 00:00:00,2.5645,2.5836,2.5617,2.5763,4454546.0
2025-02-24 01:00:00,2.5763,2.609,2.5738,2.5756,6957846.0
2025-02-24 02:00:00,2.5756,2.58,2.5474,2.557,5297993.0
2025-02-24 03:00:00,2.5569,2.5661,2.538,2.5391,6368209.0
2025-02-24 04:00:00,2.5391,2.5395,2.47,2.4902,23804690.0
2025-02-24 05:00:00,2.4901,2.493,2.4424,2.4747,17831299.0
2025-02-24 06:00:00,2.4746,2.505,2.4661,2.4943,12337232.0
2025-02-24 07:00:00,2.4944,2.4965,2.4764,2.4916,7714607.0
2025-02-24 08:00:00,2.4916,2.5007,2.4846,2.4939,6125454.0
2025-02-24 09:00:00,2.4939,2.4945,2.4453,2.4534,14521787.0
2025-02-24 10:00:00,2.4534,2.4884,2.4509,2.4751,7216418.0
2025-02-24 11:00:00,2.4751,2.4784,2.433,2.4672,12413950.0
2025-02-24 12:00:00,2.4672,2.4938,2.4543,2.4881,6924390.0
2025-02-24 13:00:00,2.4882,2.4912,2.4754,2.4796,3998108.0
2025-02-24 14:00:00,2.4796,2.4984,2.4636,2.4784,6629943.0
2025-02-24 15:00:00,2.4784,2.4842,2.426,2.4303,14351476.0
2025-02-24 16:00:00,2.4303,2.4544,2.402,2.4309,29618699.0
2025-02-24 17:00:00,2.431,2.4568,2.4224,2.4406,8550485.0
2025-02-24 18:00:00,2.4407,2.4764,2.4391,2.4644,10212962.0
2025-02-24 19:00:00,2.4643,2.4747,2.4426,2.4449,5081980.0
2025-02-24 20:00:00,2.4448,2.4514,2.3811,2.4014,18974666.0
2025-02-24 21:00:00,2.4015,2.4494,2.3906,2.4246,10566614.0
2025-02-24 22:00:00,2.4245,2.4278,2.357,2.3645,15531741.0
2025-02-24 23:00:00,2.3646,2.366,2.2336,2.2656,76093396.0
2025-02-25 00:00:00,2.2656,2.322,2.2576,2.2783,23910836.0
2025-02-25 01:00:00,2.2784,2.3367,2.211,2.3071,41782199.0
2025-02-25 02:00:00,2.3071,2.3229,2.2638,2.291,20942065.0
2025-02-25 03:00:00,2.291,2.3295,2.2691,2.3175,16386276.0
2025-02-25 04:00:00,2.3174,2.3252,2.28,2.2835,11647282.0
2025-02-25 05:00:00,2.2836,2.2987,2.247,2.2539,19444880.0
2025-02-25 06:00:00,2.2539,2.3071,2.2338,2.305,24786410.0
2025-02-25 07:00:00,2.305,2.31,2.248,2.25,22566733.0
2025-02-25 08:00:00,2.2501,2.2571,2.0906,2.1511,112931387.0
2025-02-25 09:00:00,2.1511,2.2137,2.1371,2.1859,30839923.0
2025-02-25 10:00:00,2.186,2.1954,2.1269,2.1396,28835023.0
2025-02-25 11:00:00,2.1396,2.1646,2.0684,2.1297,55953363.0
2025-02-25 12:00:00,2.1298,2.2138,2.0637,2.1893,64458810.0
2025-02-25 13:00:00,2.1893,2.2732,2.1717,2.2732,51023524.0
2025-02-25 14:00:00,2.2733,2.2794,2.2171,2.2233,30303590.0
2025-02-25 15:00:00,2.2234,2.2567,2.1638,2.1744,46733283.0
2025-02-25 16:00:00,2.1743,2.2328,2.1562,2.2064,36139021.0
2025-02-25 17:00:00,2.2065,2.2487,2.1722,2.2212,19641810.0
2025-02-25 18:00:00,2.2212,2.2441,2.2029,2.2206,11304716.0
2025-02-25 19:00:00,2.2207,2.25,2.1871,2.2108,20580215.0
2025-02-25 20:00:00,2.2108,2.265,2.1838,2.2629,16462977.0
2025-02-25 21:00:00,2.2629,2.31,2.245,2.301,28770122.0
2025-02-25 22:00:00,2.3009,2.3349,2.2786,2.3307,14407134.0
2025-02-25 23:00:00,2.3307,2.3663,2.315,2.3329,22782996.0
2025-02-26 00:00:00,2.3328,2.3583,2.318,2.3222,13697838.0
2025-02-26 01:00:00,2.3222,2.3306,2.2634,2.2764,18052658.0
2025-02-26 02:00:00,2.2763,2.3122,2.2759,2.3005,10372172.0
2025-02-26 03:00:00,2.3006,2.3302,2.2844,2.3195,10565010.0
2025-02-26 04:00:00,2.3194,2.3314,2.3089,2.3115,8247375.0
2025-02-26 05:00:00,2.3116,2.3288,2.298,2.2997,5644616.0
2025-02-26 06:00:00,2.2998,2.306,2.2774,2.2791,8059673.0
2025-02-26 07:00:00,2.279,2.3045,2.2772,2.3019,7527392.0
2025-02-26 08:00:00,2.3019,2.3076,2.2679,2.2872,7852375.0
2025-02-26 09:00:00,2.2872,2.2958,2.2644,2.2915,9263015.0
2025-02-26 10:00:00,2.2915,2.3226,2.2876,2.3207,10668377.0
2025-02-26 11:00:00,2.3206,2.3212,2.2965,2.3138,12195607.0
2025-02-26 12:00:00,2.3139,2.3181,2.2767,2.2802,9388186.0
2025-02-26 13:00:00,2.2803,2.2845,2.2346,2.2456,15627425.0
2025-02-26 14:00:00,2.2455,2.2517,2.2239,2.2277,18354474.0
2025-02-26 15:00:00,2.2277,2.2648,2.1948,2.2594,36166933.0
2025-02-26 16:00:00,2.2594,2.304,2.2585,2.2749,22666660.0
2025-02-26 17:00:00,2.275,2.2828,2.2291,2.2576,17087341.0
2025-02-26 18:00:00,2.2576,2.2695,2.2022,2.2136,15595826.0
2025-02-26 19:00:00,2.2135,2.2272,2.1507,2.1669,38475234.0
2025-02-26 20:00:00,2.1669,2.1998,2.1592,2.18,21970540.0
2025-02-26 21:00:00,2.1801,2.2019,2.1542,2.1958,12131547.0
